,Processed_Tweets
0,we need to stand by shame on to sue a content creator telling truth of product to everyone stop selling diabetes to kids do better heres video sue thousands
1,distinctly remember companies like cadb stars of pre placement presentations in my b school days seeing diabetes sellers in guise of an fmcg show true colours by bullying citizens makes me glad i t make it to of
2,new article in syndrome ranked journal diabetes endocrinology in differences in pathways influencing leisure time a structural equation analysis s garg
3,in pictures prolonged sitting linked to type 2 risk
4,sant shri asharamji bapu unveiled many secrets of effective amp cure many serious diseases he shared a harmless way of healing diabetes no side effects builds immunity amp is good health
5,yes high time we look at entire spectrum nutrition rising promoting needed
6,white crystal sugar amp sweetcorn juice called solvent used in bakeries amp packaged products as sweetner is main culprit of heart attack diabetes another scam of western world to defame ghee defending sugar sugary packaged products
7,jalra m 50mg 500mg tab m r p 325 15 tabs salt rx vildagliptin 50mg metformin hydrochloride 500mg tablets ip uses diabetes high blood sugar mfd by msn laboratories private limited mkt by usv private limited 50mg 500mg
8,individual perception illness important predictor in diabetic foot ulcer healing amp clinicalpractice
9,probiotics may improve glucose lipid profiles in pre diabetic patients diabetes amp metabolicsyndrome
10,two day medical conference empower physicians international practices in advanced diabetes care concluded on sunday a motivational keynote by olympian stressed role of sports
11,meta analysis on luseogliflozin recognized as one of best papers published in diabetes amp metabolic syndrome clinical research amp reviews thanks to diabetes india conference indore organizing virtual presentation delhi due to prior commitments
12,dont even know consequences chacha long term me sabko marna hai usko diabetes ho gayi uski life kharab ho gayi ye hi jawab doge apni daughter ko sugar se kitna insulin spike hota hai jante ho
13,welcome to docindia dr pitambhar chakraborty he 9 years in diabetes management specializing in nutrition amp ayurvedic medicine currently practices in hooghly west bengal
14,genetic lineage could be a big factor diabetes artificial sugar help either
15,bournvita 73 1 gm of sugar per 100 gm serving it is made by chocolate making company cadbury consume it if want kids to develop diabetes case kar maadar legal notice bhej bring it on
16,keeping people sick get recurring income whereas curing mean income one time cure provide symptomatic relief amp patient is booked life i am happy my fathers diabetes got cured 5 years ago by raw diet he is still diabetes free
17,is sugar be an instant source of energy be metabolised easily in children of growing age as run around day long diabetes etiology is totally different
18,udapa m 10 500 xr tab m r p 125 90 10 tabs salt rx dapagliflozin 10mg metformin hydrochloride 500mg tablets ip uses diabetes high blood sugar mfd by msn laboratories private limited mkt by usv private limited 500xr
19,drastic skin changes a tell tale sign of diabetes s must watch dr deepali bhardwaj dermatologist writes
20,studies shown chemicals cause adverse health effects as obesity diabetes cardiovascular disease ban bournvita
21,imagine coke 10 sugar content if coke is giving child fatty liver obesity diabetes imagine healthy drinks kids
22,several studies shown diabetes is strongly associated an increased risk of mortality due to covid 19 symptoms in general people diabetes a higher risk of getting severely ill contracting virus
23,must enroll digital diagnosis if already patient of diabetes blood pressure heart issues weight com
24,studies shown chemicals cause adverse health effects as obesity diabetes cardiovascular disease ban bournvita
25,acupressure is an alternative healing method to treat several diseases as cure diabetes naturally without side effects know it
26,union minister says india is set to lead diabetes research in world
27,rakesh died at age 62 5 years of intense suffering diabetes complications he left everything excercised daily 3 hours 45 years he might lived till 80 years money no meaning certain point
28,spurious liquor claims 22 lives in motihari bihar centre to bring a new cooperative policy soon to increase per capita income of farmers india set to lead diabetes research in world says union minister dr jitendra singh
29,rasbhari means a lot of nutrition in a small pack essential life health
30,calorie density an important factor in reversing diabetes calorie density refers to number of calories in a given weight of food key to ample energy maintaining control of blood glucose is to choose green light foods calorie dense
31,bournvita 73 1 gm of sugar per 100 gm serving it is made by chocolate making company cadbury consume it if want kids to develop diabetes
32,science technology minister dr jitendra singh inaugurates 3 day world diabetes meet at brilliant convention centre says india is set to lead diabetes research in world
33,india is set to lead diabetes research in world
34,diabetes spread
35,science technology minister inaugurates 3 day world diabetes meet at brilliant convention centre says india is set to lead diabetes research in world
36,high quality spices fenugreek seed oil benefits of fenugreek reduce risk of diabetes improve milk production flow improve weight loss online order
37,people going back to roots exploring benefits of organic herbs to manage rising risks of lifestyle diseases
38,union minister says india is set to lead diabetes research in world read
39,s great to hear i hope he help fssai to get right policy in place to issue a health warning label on unhealthy food products it years diabetes is growing in numbers
40,nothing is ever 100 safe it s important to call things an unaware customer might be thinking twice imagine giving a kid either is obese or is susceptible to diabetes obesity drink regularly 86 7 carbs 7 is insane
41,h3n2 virus become a great concern in india around 451 cases reported across country january march 2023
42,agree individualised case based approach e g diabetes heightened caution is necessary
43,one third chronic along 70 of people 80 causes
44,obesity panel test details please contact us at 91 9810043684
45,persistent efforts of govt of india united nations declared 2023 as international year of millets to raise public awareness nutricereals shall be future foods changing climatic conditions amp ever increasing obesity diabetes
46,sitting or lying long increases risk of chronic health problems as heart disease diabetes cancers much sitting also be bad mental health it may also cause weight gain varicose veins stiff neck amp shoulders
47,people of haryana availed free screenings oral cancer cervical cancer breast cancer diabetes hypertension availed by community members at in visit nearest centre to avail free ncd screenings
48,ai enabled cgm devices enhance diabetes care chandan read at
49,union minister of state inaugurated 3 day world diabetes meet at brilliant convention centre in indore
50,fasting diet decreases type 2 diabetic risk following a time restricted intermittent fasting diet could help lower chance of developing type 2 diabetes researchers university of adelaide sahmri
51,hope talk to regulation of junk food high sugar salt or fats food products to warning label ban on advertising s diabetes india be on a priority
52,is use of soy milk soy milk may be used to reduce cholesterol it may help in case of atherosclerosis diabetes cancer osteoporosis it may act as a prebiotic may be beneficial gut bacteria additionally it may also improve heart health
53,little millet aka kutki make a big impact on health it is filled nutrients help prevent diabetes cataracts inflammation heart diseases cancer stomach problems try it
54,new article in syndrome ranked journal diabetes endocrinology in association frequency resistance in adults lee et al
55,obesity increased in a person isnt careful amp may develop issues like disease or mix amp call 9313204632 email info world in
56,big company sue it mostly sensationalism video buys 1kg sugar finish in 1 day whine diabetes
57,said diabetes to patients if already read grab copy at learn diabetes
58,taking a dig at brand s tagline taiyari jeet ki revant himatsingka said it instead be taiyari diabetes ki reel 12 mn views on instagram page alone reports theprint
59,i feel incredibly humbled to co chair diabetes liver interest group alongside stalwarts of physicians of india dr dr dr dr dr vinod mittal amp dr ketan mehta conference
60,bariatric surgery may help reverse peripheral neuropathy in diabetes patients
61,madhumeha diabetes clinic delhi warmest greetings on baisakhi to family may joy of new harvest find way to keep in high spirits happy baisakhi 91 9675144144
62,diabetes clinic east delhi a nation s people strong nation becomes strong let us be inspired by b r ambedkar strive to be like congratulations on ambedkar jayanti 91 9675144144
63,obesity panel test details please contact us at 91 9810043684
64,if 30 amp t a might be in a surprise many young people pre diabetic amp may be one of early is reversible if diagnosed timely watch dr himika chawla one of best in delhi talk it
65,sitting jobs also linked to increases in eyesight loss risk of heart attack obesity risk of diabetes back pain amp increased risk of injury heightened risk of cancers cancer related conditions we need to look at backyards
66,baisakhi signifies onset of spring in india celebrate a harvest of good health growth happiness read blog to know grains suitable people diabetes
67,tips to manage diabetes on travel vacation dr v mohan
68,a recent study found 25 of heart attacks happen in people without risk factors like diagnosed bp diabetes high cholesterol levels or smoking says lifestyle modification tests like ct angio is way to go
69,join amar ujalas hello doctor session featuring dr rahul chauda sr diabetologist endocrinologist amp dr amit chabra diabetes specialist yashoda super speciality hospital in kaushambi 2 3 pm doctors lead a discussion on diabetes be
70,join amar ujalas hello doctor session featuring dr rahul chauda sr diabetologist endocrinologist amp dr amit chabra diabetes specialist yashoda super speciality hospital in kaushambi 2 3 pm doctors lead a discussion on diabetes be
71,discover jiva ayunique diabetes program by dr partap chauhan learn to reverse diabetes no side effects thousands of patients reversed diabetes by enrolling in program to know join free webinar today at 4 00 pm link
72,diabetes mellitus hyperthyroidism hypothyroidism common disorders in animals visit accurate diagnosis effective management of endocrine disorders ensure well of
73,special issue metabolic syndrome clinical call papers in medicine special reference to diabetes diseases
74,30 gm carbs be derived fruit daily one serving of fruit contain 15 gm of carbs in case of 15 gm carbohydrate is contained in 100 gm of fruit translates to half a medium sized mango
75,acupressure is an alternative healing method to treat several diseases as cure diabetes naturally without side effects know it
76,a 2015 study published in international journal vitamin nutrition research found a daily dose of 10 grams of fenugreek seeds soaked in hot water may help control type 2 diabetes
77,acr contd category 2 is an acr of 30 300 mg gm cr is considered microalbumin or micro quantities of albumin in urine it is an indication of early stages of kidney involvement in diabetes hypertension is reversible by treatments
78,i am worried stubborn fat motapa ke saath aate hain khatarnak diseases diabetes thyroid severe pcod gulps
79,early blood glucose management may prevent macular degeneration in patients diabetes amp metabolism
80,beneficial in sore throat cough amp cold chronic fever constipation acidity skin amp eye disorders signs of ageing diabetes stress general debility
81,panch tul c beneficial in sore throat cough amp cold chronic fever constipation acidity skin amp eye disorders signs of ageing diabetes stress general debility via
82,a diabetic loves to eat fruits like watermelon
83,b diabetes
84,health benefits of single bout of moderate to vigorous physical activity 1 improved sleep 2 reduced stress 3 improved weight management 4 lowered risk of heart disease stroke cancers type 2 diabetes 5 brain health improved thinking 6 improved strength
85,liver test details please contact us at 91 9810043684
86,know swimming burns 40 calories biking swimming also lowers stress depression read diabetes swimming
87,sugar cause diabetes or malfunction of body system is chocolate bad health if it is 50 sugar do i feel no sweetness if i do add sugar importantly is qualification makes video credible
88,dr ghassan hommos diabetes endocrinology consultant at al emadi hospital important guidelines diabetics safe fasting
89,exercise changes body it also changes mind attitude mood
90,dear sir loud machines construction work continued till 5 30 am in morning my mother is a patient of hypertension diabetes we couldnt sleep due to noise pollution
91,dont take obesity lightly as it lead to type 2 diabetes study claims if wont keep eating habits bmi in control at risk
92,take preventive health checkup packages at regular intervals srivastava mri amp imaging centre book test today to schedule an appointment to get direction
93,is high in antioxidants anti inflammatory properties may reduce risk of heart diseases lowers levels
94,in silent as age related issues important to get blood samples done on a regular basis inadvertantly patient is also exposed to various blood infections by needle pricks
95,if want to consume a medium sized may to omit fruits find total carb allowance a day do exceed limits
96,a saying speak 9 positive things 1 negative thing people notice 1 9 i saw dramatic excessive diabetes
97,skin tags tend to develop skin rubs is common in people overweight older people living type 2 diabetes
98,factors may raise triglyceride levels
99,people be like main vegetarian hu gt no chicken main coffee peeta hu gt no tea main anti china hu gt no momo mujhe diabetes hai gt no rasgulla
100,switching to advanced hybrid closed loop system improves detection of hypoglycemia in t1d patients
101,higher tyg index tied to risk of elevated bp in healthy people amp metabolicsyndrome glucoseindex
102,intimately related expert reveals to avoid risk
103,10 fruits diabetics low gi via
104,at beginning of month april fhts conducted swasthya pahal rise exhibition at diversified locations across delhi aim to screen obesity diabetes hypertension among beneficiaries self management of ncds
105,cipla signed a perpetual license agreement to manufacture galvus range used in treatment of type 2 it market january 1 2026 know
106,skin tags tend to develop skin rubs is common in people overweight older people living type 2
107,i donot differentiate discriminate metabolic syndrome diabetes mellitus hypertension dyslipidemia heart attack really do so please lose weight improve bmi stay healthy
108,discover incredible health benefits of arjuna terminalia arjuna including cardiovascular support useful skin maintaining diabetes information on powerful ayurvedic herb visit
109,consumption of sugar a prolonged period of time along sedentary lifestyle builds up insulin resisitance finally diabetes if eating a balance of c p f activity no chances of diabtes exceptions be
110,lygenesis entered a joint research collaboration imagine pharma to develop novel cell therapies type 1 diabetes
111,b diabetes
112,controlling diabetes requires discipline dedication rewards worth it focus on healthy habits maintain a positive attitude take charge of health
113,one factor causes diabetes no single factor helps manage it
114,i tea daily sugar no symptoms of diabetes better understanding of nutrition helped me much i consume avg 100 200 cal sugar daily
115,really it s 100s of biscuits rusks eaten 3 4 chais throughout day may lead to a surplus unknowingly indirectly directly may lead to diabetes if done years
116,new article in syndrome ranked journal diabetes endocrinology in a systematic review on effectiveness of in management of olateju et al usa
117,a healthy diet helps to protect malnutrition in forms as well as noncommunicable diseases ncds including diabetes heart disease stroke cancer
118,organised an pre diabetes awareness conference jointly mission diabetes free india by senior health advisor dr miliand khatavkar
119,patients form of diabetes may require insulin treatment at stage of disease use of insulin classify patient a particular group of dm utd
120,of endocrinopathy cause diabetes mellitus
121,low levels of nitric oxide production is linked a greater instance of diabetes as well as diseases as asthma heart disease dementia amp
122,believe it or using commercial mouthwash linked to an increase in diabetes is mainly mouthwash is killing of beneficial bacteria in mouth is responsible creating nitric oxide
123,rising temperature tied to risk of complications hospitalization among diabetes patients
124,bariatric surgery in obese people may reverse diabetes complications
125,ambedkar of heavy lifting although he suffering diabetes blood pressure he stood in assembly around 100 days patiently explaining clause giving reasons or rejecting suggested amendment
126,lack of sleep result many health complications including diabetes amp high blood pressure following article suggests natural ways of falling asleep quickly
127,to celebrate spirit of national safe motherhood day let us find we ensure safety of mothers gestational diabetes learn
128,an egg a day keeps away study scientists boston university s school of medicine found eating five or eggs a week reduced blood sugar levels risk of type 2 read
129,a found individuals bariatric surgery may reverse complications related to including regenerating damaged nerves
130,jb pharma eyeing acquisitions to enter diabetes segment read at
131,please mention fruits to take in diabetes type 2
132,of time gestational diabetes doesnt cause noticeable signs or symptoms increased thirst frequent urination possible symptoms dont ignore it call 9911322909
133,newer medicines in diabetes a critical review 1 saroglitazar avoid in kidney disease 2 hydroxychloroquine a diabetes medicine 3 half dose semaglutide effective fatty liver 4 dorzagliatin causes hypertriglyceridemia 5 lobeglitazone is inferior to pioglitazone
134,cipla inks licensing pact novartis diabetes drug read at
135,erectile dysfunction psychological stress porn low sleep lack of love connection partner insulin resistance high sugar carb intake low protein fat intake underlying diseases high bp diabetes depression anxiety
136,opt a diabetes friendly diet
137,accusure 50 strips 1 company accusure m r p 1250 00 discount 10 accusure 50 strips a type of medical device used blood glucose monitoring in people diabetes
138,new article in syndrome ranked journal diabetes endocrinology in effect of on a systematic a tabatabaeizadeh et al
139,india is diabetic capital of world general public we tried to depict diabetes occludes filters of body narrows blood vessels
140,be vegetarian research shows people eat red meat at a higher risk of death heart disease stroke or diabetes
141,health school on prevention of diabetes mellitus held in astrakhan
142,b diabetes
143,new diabetes drugs pose risk of digestive diseases
144,dulaglutide lowers sbp pulse pressure independent of weight reduction among diabetes patients
145,new diabetes drugs pose risk of digestive diseases
146,wont someone find it awesome a shit ton of money dont to care medical costs majority of consumers of nutella at risk of diabetes without health insurance
147,prevalence of pre existing conditions low obesity 20 hypertension 6 diabetes 2 heart disease 4 18 hospitalised covid19 commonly ongoing symptoms regardless of hospitalisation status
148,surprising benefits of anjeer severe diabetes expert says
149,mondays be tough we tougher lets show diabetes whos boss by making healthy choices staying active taking medications as prescribed together we do
150,i couldnt agree immediate test random blood sugar along hba1c could point to onset of diabetes mellitus
151,best blood test centre details please get in touch us at 91 9810043684
152,cipla joins hands novartis pharma ag to market diabetes drug galvus in india
153,ms sheryl salis registered dietitian amp certified diabetes educator founder nurture health solutions speaks on pictorial representation could be a way to teach consumers
154,it is important people to maintain good practices like brushing regularly visiting regularly managing blood sugar levels to reduce risk of dental complications
155,on april 8th 2023 we organized a free awareness camp we proud to announce we conducted 126 check ups throughout day camp aimed to raise awareness importance of monitoring blood sugar levels managing diabetes
156,b diabetes
157,eating 6 teaspoons of sugar a day linked to cancer stroke diabetes early death
158,a new research revealed increasing intake of cruciferous vegetables lowers risk of type 2 diabetes cancer
159,fasting diet lowers risk markers of type 2 diabetes research
160,if diabetes hypertension managed it reduce risk of heart attacks
161,tai chi effective in older people diabetes cognitive impairment jama
162,dr pragya we already seeing cases higher cases of diabetes hypertension clogging of arteries in kids
163,new article in syndrome ranked journal diabetes endocrinology in bibliometric analysis of amp research in south asia 2012 2021 hassan et al
164,sir hb1ac level of 6 8 a 70 year old indian male no health issues indicate diabetes is it high regards to age
165,a new identified a technique prevent age related gain potentially reducing risk of type 2 diabetes
166,british doctor pioneers low carb diet as cure obesity type 2 diabetes experience patients type 2 diabetes
167,spoon help lose weight control sugar intake
168,learn diabetes in favourite show afternoon at 12 30 pm on
169,carbs non essential no one ever a carb deficiency however carbohydrate overconsumption toxicity is definitely behind obesity epidemic metabolic syndrome type 2 diabetes etc wholly evident fact go low carb problems go away
170,learn diabetes in favourite show every saturday amp sunday afternoon at 12 30 pm on
171,is it we went inclusive loving to jabbing diabetes drugs to lose weight masaba asked
172,dr v mohanji namaskar answer better however i told by my diabalogist yes we in limits root vegetables apart disturbing diabetes also help to reduce weight also
173,efficacy safety of luseogliflozin in improving glycaemic non glycaemic outcomes in type 2 diabetes a meta analysis pubmed pleasant surprise dmscrr thanks to diabetes india allowing virtual presentation
174,accuchek instant meter 1 company accuchek m r p 1549 00 accu chek instant meter is a blood glucose monitoring system used by people diabetes to measure blood sugar levels
175,sir is ayurveda imho hypothyroid diabetes arthritis common among masses amp aswagandha without proper medical advice tested formula might get dangerous worsening of autoimmune symptoms
176,researchers find broccoli consumption reduces risk of diseases protects gut lining
177,people going back to roots exploring benefits of organic herbs to manage rising risks of lifestyle diseases come let us find herbal supplements organic india
178,people diabetes be aware of warning symptoms of diabetic kidney disease
179,evidence exists relations btw bisphenols amp adult diabetes reduced semen quality polycystic ovarian syndrome phthalates amp prematurity reduced anogenital distance in boys childhood obesity impaired glucose tolerance organophosphate pesticides reduced semen quality
180,evidence is particularly strong relations btw perfluoroalkyl substances amp child adult obesity impaired glucose tolerance gestational diabetes reduced birthweight reduced semen quality polycystic ovarian syndrome endometriosis breast cancer
181,awpl presents exe triphala pravahi kwath a miraculous ayurvedic product helps in gastrointestinal issues manages cholesterol level type 2 diabetes amp many check details at
182,5 rules to eat mangoes to prevent blood sugar spikes in people diabetes
183,endocrine disrupting chemicals implications human health lancet diabetes amp endocrinology 15 probable exposure outcome asso exposure to endocrine disrupting chemicals edcs substantial human evidence
184,a dental orthopantomogram x ray provides a comprehensive image show entire mouths structure including upper lower jaws teeth temporomandibular joints tmjs sinuses
185,accreditation check given link 1 iso9001 seems fine 2 cap says reinspection be done prior to february 1 2023 to maintain accreditation 3 ngsp is diabetes an expired certificate so whats point
186,learn diabetes in favourite show afternoon at 12 30 pm on
187,compared to no reinfection reinfection contributed additional risks of death hr 2 17 hospitalization hr 3 32 amp sequelae pulmonary cardiovascular hematological diabetes gastrointestinal kidney mental musculoskeletal neurological
188,family genetics a strong impact on human body diabetes blood pressure thyroid kidney stones etc bound to happen if present in parents
189,worst enviornmental amp health curse hypertension diabetes cancers anti hormone infertility pregnancy amp fetal organ damage etc bisphenol a dht antimony cause serious initiative needed public awareness amp alternatives
190,fasting diet lowers risk markers of type 2 diabetes research
191,patients tended to higher overall comorbidity scores likely to high blood pressure diabetes whereas asthma common in hospitalised
192,sip investing markets going up fast is like sugar diabetes patient seems tasty is eventually bad a range bound falling market is awesome wealth creation sip i illustrated an example a graph
193,learn diabetes in favourite show saturday amp sunday afternoon at 12 30 pm on
194,is it we went inclusive loving to jabbing diabetes drugs to lose weight masaba asked
195,learn diabetes in favourite show saturday amp sunday afternoon at 12 30 pm on
196,dear girls if he fights it doesnt mean he dont love it means he wants to add spice in relation as jada meetha diabetes krta h
197,disorders due to irregular hormone levels in children diabetes thyroid disorders early delayed onset of puberty growth hormone deficiency please feel free to reach us at 91 9034333133 or visit
198,2023 reminds us of progress in global public health is still a distant dream people need access to amp management supplies devices is key to ensure access to essential care
199,diabetes sounds like re going to die hear it i immediately frightened i got a better idea of it it something i could manage i comforted completely agree hoping to hear on
200,whatever it is difficult to keep of it so heres a take on my theme a to z of year
201,genetics plays a high role in diabetes nonetheless one cant change genes we inherit appropriate food delay diabetes amp intensity progression is lot slower in eat appropriate diet amp exercise intermittent fasting give periods of remission
202,living co morbidities uncontrolled diabetes chronic kidney or liver disease heart failure or conditions weaken immune system at high risk of landing up in icus covid 19 says dr gc khilnani
